moon rock,m
edibles,n
sativa,y
cbd oil & tears,n
cbd concentrates,n
cosmetics,n
value menu,m
beverages,n
feelcbd,m
kleerx distillate,n
cbd vape pens,n
bundle packs,m
unavailable,m
flowers,y
variety packs (concentrates),n
flower 2 for $300,y
rick simpson oil,n
candies,n
cartridges,n
top shelf,m
vendors,m
cbd pets,n
indica vape pen,n
baked edibles,n
kleerx distillate mix-n-match,n
pure hemp,n
diamonds,n
cbd phoenix tears,n
local/imported hash,n
mary's edibles,n
420 special,m
pure cbd,n
cbd for pets,n
aaaa,y
distilled thc,n
hash and keif,n
password protected,n
budtanicals,n
chocolates,n
$99 oz,y
island extracts,n
edible oil,n
topicals & tinctures,n
bulk flower,y
ounce deals flower,y
living soil organics,y
cannalife,m
pet products,n
tinctures & tears,n
hash,n
walter's creations,m
flowers on sale!,y
chocolate,n
crumble,m
faded cannabis tinctures,n
tea,n
hooti cbd isolate,n
aa,y
flower mix-n-match 28g,y
personal care,n
sunnyside botanicals,m
apparel,n
distillate vape pen,n
zen medical,m
raw papers,n
best seller,m
variation,n
canna co. medibles,n
on sale,m
pre rolled joints,y
forever phoenix,n
crystalline extracts,n
bulk shatter,n
flower mix-n-match 7g,n
xo extracts,n
flyte concentrates,n
oil,n
pets,n
sauce & live resin,n
shake weed,y
pennybags extracts,n
keyy,n
oils,n
cbd vaporizers,n
hybrid vape pen,n
high terpene full spectrum extracts,n
rocky mountain rosin,n
cbd tinctures & topicals,n
zig zag,m
uncategorized,m
suppliers,m
culture,m
flower,y
ounce deals,y
topicals,n
rizla,m
new products,m
lighters,n
cannabidiol - cbd,n
squish extracts,n
sec,n
all,m
pet health,n
extras,n
extracts,n
health,n
$$$,y
prerolls,y
high voltage,m
on sale!,m
$$$$,y
vaporizer,n
phyto extractions shatter,n
flash deal,m
bulk,m
new product,m
other,n
capsules and oils,n
budder/wax,n
array,m
specials,m
high grade,n
apothecary labs,m
rosin,n
pennybags mix-n-match,n
death bubba,y
creating brighter days,m
island extracts mix and match,n
faded cannabis co.,m
batteries,n
cannabis flowers,y
pyro extracts rosin,n
cbd edibles,n
squish extracts mix and match,n
variety packs (flowers),y
oil concentrates,n
grinders,n
miss envy,m
twisted extracts,n
mr. dank,m
cbd capsules,n
packs,m
moonrock pre roll,y
hooti extracts shatter,n
organa,m
moonrock canada,m
rolling papers,n
kush kitchen,m
test genetics,m
hybrid,y
aaa,y
shatter & budder,n
hybrid strains,y
hooti jool pod mix and match,n
hooti extracts,n
"diamonds, sauce & live resin",n
kits,n
cbd vape,n
spark of life,m
baked goods,n
cannabis,y
vaping,n
keyy concentrates,n
pipes,n
sweet jane edibles,n
new arrivals,m
*sale*,m
tinctures,n
distillate,n
phyto extractions,n
pre-rolls,n
aaaaa,y
science lab,m
the green room,m
wax,n
moon rocks,m
buudabomb,m
flower mix-n-match 14g,y
pre-rolled packs,n
pyro extracts,n
keif,y
capsules,n
foods / cooking,n
thc and cbd for pain relief,n
hooti distillate syringe,n
viridesco,n
vapes,n
sativa vape pen,n
faded cannabis co,m
kief,y
$$,y
cbd tincture & topicals,n
shatter,n
tinctures / topicals,n
hooti jool pen kit,n
indica,y
ocb papers,n
thc vape pens,n
mix & match flowers,y
variety pack (edibles),n
balanced hybrids,y
cookies,n
yocan,m
mota edibles,n
flyte mix-n-match,m
wholesale,m
medical products and accessories,n
balanced-hybrid,y
green island naturals,m
concentrates,n
drinks,n
hooti live resin,n
aaa+,y
wellness,m
vape pens,n
tools + attachments,n
soft candy,n
cbd,n
budget shatters,n
quads aaaa+,y
tetra technologies,m
hooti mix-n-match,n
green islands naturals,m
budder,n
cbd e-juice,n
vapes & cartridges,n
balanced-hybrids,y
quik wikk,m
tinctures/topicals,n
disposable pens,n
e-juice,n
kleerx budder,n
sativa strains,y
water bongs,n
gummies,n
phoenix tears,n
hashes & extracts,n
live resin,n
joi,m
edible,n
distillates,n
custom 420,m
accessories,n
