url,google hits
weed-deals.ca/,3180
buymyweedonline.ca/,3150
thegreenace.ca/,2130
cheebas.ca/,1990
ganjagrams.ca/,1940
speedgreens.ca/,1900
herbapproach.com/,1740
thechrono.ca/,1670
greenz.ca/,1650
thehighclub.ca/,1560
herbaldispatch.com/,1440
greensociety.ca/,1250
kingtuts.ca/,1240
deliverymeds.ca/,1200
shamrockcannabis.com/,1060
bcbud.store/,1030
jjmeds.com/,990
weedsmart.ca/,924
GetKush.ca,718
cannabismo.ca/,706
thenewhsp.com,697
getkush.ca/,694
kootenaycraft.com,694
thewholesomemonkey.com/,681
stashclub.ca/,658
mygreensolution.ca/,606
grasslife.ca/,523
6ixpensary.com/,521
cannabiscanadashop.ca/,485
cannawholesalers.ca/,484
chronicpost.ca/,430
weedbay.ca/,363
phatnug.com/,362
kanapost.com/,333
thcdelivery.ca/,268
grasschief.com/,258
bcmedichronic.ca/,256
supherbs.ca/,252
topshelfexpress.ca/,239
budbox.ca/,234
greencounter.ca/,232
buddiescanada.ca/,215
cannabisvapes.ca/,213
canadaweeddispensary.ca/,161
theherbalcoast.com/,151
hybridfast.ca/,107
pacificcannabis.ca/,106
canmedi.com/,100
chronicstore.ca/,79
grassinbox.com/,74
harmonycollective.net/,68
boutiquecannabis.ca/,60
planetpot.ca/,60
exclusivebud.com/,59
chronicbymail.com/,57
marijanedepot.ca/,56
terracannabis.com/,53
chronickushco.ca/,52
highgradeaid.com/,51
nationalcompassion.ca/,45
maryjanesrooms.com/,40
acmedical.ca/,37
getcannabisonline.ca/,36
cannablossom.ca/,35
wccannabis.ca/,34
buylowgreen.com/,31
evergreenmedicinal.com/,27
skyhighexotics.com/,25
thewellnesstemple.ca/,23
420vapenation.wordpress.com/blog/,23
bcbuddispatch.com/,21
bcbudbaby.com/,15
emeraldcastlemed.com/#,10
farmhard.ca,10
westcoastex.net/,10
bulkweedinbox.com/,9
mainlandcannabis.com/,9
rocketchronic.com/,9
flawlessflowers.ca,8
sweetleafconcentrates.ca/,8
bulkcrop.ca/,7
BuyWeedOnlineShop.ca,7
cannamobile.ca/,7
ganjawest.ca,7
mjxm.ca/,7
seshcannabis.ca/,7
weedmailed.ca/,7
kushstation.ca,6
cannabudpost.ca/,5
enigmaextracts.co,5
firethc.net/,5
piffery.ca/,5
supremecanna.ca/,5
sweedy.ca/,5
thebhothority.co,5
thechronfather.ca/,5
wellevatecann.com/,5
atlanticgreenrush.com/,4
buddrop.ca/,3
flashbuds.ca/,3
lowpricebud.com/,3
alifecbd.ca/,2
blowout420.ca/,2
cannasseurnorth.com/,2
coastalwildfire.ca/,2
supremebcbuds.com,2
eastcoastrosin.ca/,1
thegreenvault.ca,1
instagram.com/bosstalgia.medicinals/,0
budmail.biz/budmail/index.php,0
cannabisdash.ca/,0
pastebin.com/raw/3AW4ANqG,0
pastebin.com/u1T8wAu7,0
