6ixpensary.com/,521
acmedical.ca/,37
alifecbd.ca/,2
atlanticgreenrush.com/,4
bcbudbaby.com/,15
bcbuddispatch.com/,21
bcbud.store/,1030
bcmedichronic.ca/,256
blowout420.ca/,2
instagram.com/bosstalgia.medicinals/,0
boutiquecannabis.ca/,60
budbox.ca/,234
buddiescanada.ca/,215
buddrop.ca/,3
budmail.biz/budmail/index.php,0
bulkcrop.ca/,7
bulkweedinbox.com/,9
buylowgreen.com/,31
buymyweedonline.ca/,3150
BuyWeedOnlineShop.ca,7
canadaweeddispensary.ca/,161
cannabiscanadashop.ca/,485
cannabisdash.ca/,0
cannabismo.ca/,706
cannabisvapes.ca/,213
cannablossom.ca/,35
cannabudpost.ca/,5
cannamobile.ca/,7
cannasseurnorth.com/,2
cannawholesalers.ca/,484
canmedi.com/,100
cheebas.ca/,1990
chronicbymail.com/,57
chronickushco.ca/,52
chronicpost.ca/,430
chronicstore.ca/,79
coastalwildfire.ca/,2
eastcoastrosin.ca/,1
emeraldcastlemed.com/#,10
enigmaextracts.co,5
evergreenmedicinal.com/,27
exclusivebud.com/,59
farmhard.ca,10
firethc.net/,5
flashbuds.ca/,3
flawlessflowers.ca,8
ganjagrams.ca/,1940
ganjawest.ca,7
getcannabisonline.ca/,36
GetKush.ca,718
