instagram.com,813000000
pastebin.com,3780000
weed-deals.ca,3470
yuyo.com,3400
buymyweedonline.ca,3120
cheebas.ca,2560
thegreenace.ca,2290
speedgreens.ca,2060
ganjagrams.ca,1820
herbapproach.com,1810
bulkweedinbox.com,1650
thechrono.ca,1620
thehighclub.ca,1540
simplybudz.ca,1520
greenz.ca,1350
bcbud.store,1320
herbaldispatch.com,1310
deliverymeds.ca,1280
greensociety.ca,1230
stashclub.ca,1120
kingtuts.ca,1120
budexpressnow.ca,1100
shamrockcannabis.com,1040
weemo.ca,1030
weedsmart.ca,938
jjmeds.com,923
thegentleherb.com,920
thenewhsp.com,817
westcoastsupply.ca,803
cannabismo.ca,769
budmail.biz,767
thewholesomemonkey.com,748
getkush.ca,717
mygreensolution.ca,665
kootenaycraft.com,614
thebulkguys.com,567
ohmconnect.ca,537
grasslife.ca,524
ganjaexpress.ca,521
high-key.ca,507
6ixpensary.com,503
cannabiscanadashop.ca,488
cannawholesalers.ca,483
mmjdirect.ca,406
chronicpost.ca,404
bcmedichronic.ca,370
kanapost.com,369
cannaleaf.co,339
justcannabis.shop,303
budlab.ca,292
phatnug.com,291
weedbay.ca,278
supherbs.ca,264
thcdelivery.ca,253
shattershack.ca,251
budbox.ca,242
cannabisvapes.ca,239
orderweedonline.ca,237
hybridfast.ca,223
puffland.ca,207
canadaweeddispensary.ca,190
buddiescanada.ca,181
grasschief.com,181
budhubexpress.ca,180
topshelfexpress.ca,170
magnoliawellness.ca,165
greencounter.ca,160
thefoggyforest.ca,146
theherbalcoast.com,144
potcargo.com,143
flowerpwr.ca,139
theherbcentre.ca,125
acmedical.ca,112
doobdasher.com,106
getweedonline.store,97
godbud.ca,95
pacificcannabis.ca,91
goldbuds.com,90
buyweed247.com,85
smokepotcanada.com,82
thegrowhouse.ca,77
chronickushco.ca,74
chronicbymail.com,72
highclub.ca,71
weedscanada.com,67
peak420.ca,67
bud2home.com,67
planetpot.ca,65
harmonycollective.net,64
evergreenmedicinal.com,62
boutiquecannabis.ca,61
highgradeaid.com,60
maryjanesrooms.com,57
terracannabis.com,55
cannabisy.ca,52
pacificgrass.ca,48
nationalcompassion.ca,47
bcbuddispatch.com,46
thewellnesstemple.ca,46
taleoftwostrains.ca,44
bcbudsmedical.com,43
marijanedepot.ca,42
theralife.ca,39
getcannabisonline.ca,39
420vapenation.wordpress.com,39
chronicstore.ca,39
wccannabis.ca,36
hoptheline.com,35
buylowgreen.com,34
canmedi.com,33
orderbudonline.ca,30
canadiancannabis.com,30
exclusivebud.com,29
28grams.net,28
quints.ca,28
grassinbox.com,26
dickpunch.ca,25
dankweeddelivery.ca,25
emeraldcastlemed.com,25
skyhighexotics.com,24
bcweedexpress.com,16
pinkjoint.ca,15
bcbudbaby.com,14
hushcannabisclub.com,10
astroleafs.ca,10
thehealinghutdispensary.com,10
farmhard.ca,10
craniumcannabis.ca,10
healingbuddhashop.ca,10
erbaorganics.org,9
rocketchronic.com,9
cannablossom.ca,9
bluemooncannabis.com,9
astrovapes.ca,9
powerplanthealth.ca,9
westcoastex.net,9
cannamobile.ca,9
budbargain.ca,8
flawlessflowers.ca,8
sweetleafconcentrates.ca,8
ganjawest.ca,8
mainlandcannabis.com,8
buyweedonlineshop.ca,8
weedmailed.ca,8
cannadaexpress.com,7
cheapcanna.ca,7
dispensarynearmenow.ca,7
lazypanda.ca,7
tribaldelights.ca,7
medicinalvape.ca,7
doubleocannabis.com,7
bulkcrop.ca,7
netweedz.ca,7
togoweed.ca,7
cannabis-kings.ca,7
mjxm.ca,7
seshcannabis.ca,7
naturespharmacy.ch,7
buymyweeddirect.com,7
shatterdoctor.ca,6
budcargo.net,6
kushstation.ca,6
budbuddha.ca,6
cannabudpost.ca,6
shatterway.com,6
purefreshcannabis.com,6
thechronfather.ca,5
secretworkshop.ca,5
caviar-canna.com,5
republicofkush.com,5
supremecanna.ca,5
sovrinextracts.com,5
mysupply.green,5
bcweednow.ca,5
saveongreens.ca,5
maryjaneexpress.org,5
thebhothority.co,5
piffery.ca,5
budcheap.ca,5
wellevatecann.com,5
distillatedirect.ca,5
sweedy.ca,5
atlanticgreenrush.com,5
blackriver.link,5
thepotvault.com,5
enigmaextracts.co,5
herbzexpress.com,4
truleaforganic.ca,4
hybridcure.ca,4
firethc.net,4
kushcalendars.ca,4
flashbuds.ca,4
oceansidemedicinal.ca,4
weedom.ca,3
cannaclubco.ca,3
fitskibrosfarms.com,3
weedexpense.ca,3
chefstreats420.ca,3
buddrop.ca,3
supremecollective.ca,3
cropdrop.ca,3
lowpricebud.com,3
tpdexpress.com,3
westcoastweeds.ca,3
drhighgrade.com,3
hushco.ca,2
westcoastextractions.ca,2
boomerbudclub.com,2
thewholeplant.ca,2
lavaflowers.ca,2
bulkbuddy.ca,2
dankdelivery.ca,2
supremebcbuds.com,2
cannasseurnorth.com,2
coastalwildfire.ca,2
blowout420.ca,2
kindleaf.ca,2
cannabisden.ca,2
greenclouds.ca,2
alifecbd.ca,2
herbhut.ca,1
torontodispensary.com,1
thosehappychocolates.com,1
99ozweed.com,1
blazeitory.com,1
juicyterps.ca,1
thegreenvault.ca,1
gaiasgardenmedicinal.ca,1
eastcoastrosin.ca,1
collective710.ca,1
pristineextracts.ca,1
islandherb.ca,1
abudslife.ca,1
fullspectrumfarms.ca,1
nextlevelleafs.com,1
budgrowersdirect.com,0
saveonweed.club,0
cannabisdash.ca,0
cryptocannacollective.com,0
saveondoobs.ca,0
weedpost.ca,0
truekush.ca,0
sunsetbc.ca,0
mypurecanna.ca,0
royalkure.net,0
cannacoastal.ca,0
bulkbudzone.com,0
osukadabbu.com,0
higherleveltreats.com,0
smokingtrees.ca,0
alorabotanicals.com,0
arcticcbd.com,0
incrediblescanada.com,0
bespoketoke.com,0
blossomonline.ca,0
liveessence.ca,0
highxstar.ca,0
bulkweedsales.com,0
ourcannaconnect.com,0
mmjexpress.co,0
incrediblecafe.ca,0
maryjanedispatch.com,0
